Title,Price,Date
"Kahve Dünyası Bitter Gofrik, 24'lü","405,00TL",2024-05-09
"Kahve Dünyası Bitter Gofrik, 24'lü","405,00TL",2024-05-10
"Kahve Dünyası Bitter Gofrik, 24'lü","410,00TL",2024-05-11
"Kahve Dünyası Bitter Gofrik, 24'lü","410,00TL",2024-05-12
"KAHVE DUNYASI Kahve Dünyası Bitter Gofrik, 24'lü","410,00TL",2024-05-13
"KAHVE DUNYASI Kahve Dünyası Bitter Gofrik, 24'lü","412,00TL",2024-05-14
"KAHVE DUNYASI Kahve Dünyası Bitter Gofrik, 24'lü","412,00TL",2024-05-15
"KAHVE DUNYASI Kahve Dünyası Bitter Gofrik, 24'lü","415,00TL",2024-05-16
"KAHVE DUNYASI Kahve Dünyası Bitter Gofrik, 24'lü","418,00TL",2024-05-22
"KAHVE DUNYASI Kahve Dünyası Bitter Gofrik, 24'lü","418,00TL",2024-05-25
"KAHVE DUNYASI Kahve Dünyası Bitter Gofrik, 24'lü","415,00TL",2024-05-31
"KAHVE DUNYASI Kahve Dünyası Bitter Gofrik, 24'lü","415,00TL",2024-06-02
